transaction_id,customer_id,amount,currency,transaction_date,product_id
nan,cust054,440.52,USD,04/08/2025,p611
nan,cust046,76.61,USD,19/08/2025,p852
nan,cust347,329.29,USD,16/08/2025,p378
nan,cust047,91.35,USD,02/08/2025,p535
nan,cust321,399.9,USD,20/09/2025,p143
nan,cust052,459.67,USD,26/08/2025,p178
nan,cust191,397.21,USD,13/08/2025,p667
nan,cust464,87.46,USD,04/08/2025,p845
nan,cust214,925.47,USD,16/09/2025,p417
nan,cust493,43.37,USD,16/09/2025,p469
nan,cust105,137.91,USD,19/08/2025,p654
nan,cust080,61.11,USD,05/09/2025,p552
nan,cust178,412.7,USD,11/09/2025,p516
nan,cust445,377.74,USD,10/09/2025,p135
nan,cust071,396.08,USD,26/08/2025,p110
nan,cust268,224.07,USD,21/08/2025,p414
nan,cust008,111.35,USD,23/09/2025,p189
nan,cust019,63.85,USD,11/09/2025,p430
nan,cust076,1387.62,USD,24/08/2025,p313
nan,cust395,1329.58,USD,05/09/2025,p889
nan,cust113,246.14,USD,23/09/2025,p318
nan,cust236,56.2,USD,15/08/2025,p898
nan,cust155,156.74,USD,10/08/2025,p200
nan,cust261,481.86,USD,15/09/2025,p552
nan,cust099,322.51,USD,26/08/2025,p652
nan,cust185,108.06,USD,21/08/2025,p311
nan,cust267,66.8,USD,12/09/2025,p334
nan,cust075,96.86,USD,17/09/2025,p557
nan,cust180,58.39,USD,22/08/2025,p183
nan,cust221,80.42,USD,02/09/2025,p854
nan,cust018,480.01,USD,09/08/2025,p584
nan,cust227,444.42,USD,03/09/2025,p476
nan,cust148,442.75,USD,22/09/2025,p455
nan,cust354,174.77,USD,31/08/2025,p814
nan,cust234,336.1,USD,06/09/2025,p677
nan,cust404,418.55,USD,15/08/2025,p799
nan,cust428,463.77,USD,26/08/2025,p285
nan,cust286,217.95,USD,29/08/2025,p529
nan,cust239,13.21,USD,04/08/2025,p442
nan,cust447,222.35,USD,12/08/2025,p437
nan,cust498,352.24,USD,17/09/2025,p313
nan,cust188,368.88,USD,03/08/2025,p534
nan,cust185,379.45,USD,31/08/2025,p726
nan,cust169,177.24,USD,09/09/2025,p773
nan,cust365,442.63,USD,09/08/2025,p767
nan,cust144,105.9,USD,29/08/2025,p196
nan,cust051,261.41,USD,20/09/2025,p572
nan,cust276,241.7,USD,05/08/2025,p160
nan,cust305,390.31,USD,31/08/2025,p342
nan,cust069,422.75,USD,01/08/2025,p528
nan,cust135,50.54,USD,19/08/2025,p601
nan,cust336,419.76,USD,10/09/2025,p842
nan,cust124,29.82,USD,15/08/2025,p816
nan,cust106,337.56,USD,06/09/2025,p285
nan,cust137,387.14,USD,06/08/2025,p610
nan,cust396,57.07,USD,21/08/2025,p822
nan,cust304,460.55,USD,16/08/2025,p517
nan,cust103,473.89,USD,02/08/2025,p644
nan,cust147,639.19,USD,31/08/2025,p609
nan,cust164,147.85,USD,19/09/2025,p701
nan,cust138,203.99,USD,15/08/2025,p733
nan,cust452,499.57,USD,23/08/2025,p611
nan,cust248,1020.24,USD,08/08/2025,p204
nan,cust360,476.41,USD,05/08/2025,p889
nan,cust355,326.06,USD,10/08/2025,p287
nan,cust417,221.63,USD,04/09/2025,p440
nan,cust054,218.07,USD,18/09/2025,p166
nan,cust474,413.36,USD,23/09/2025,p465
nan,cust208,250.71,USD,01/08/2025,p279
nan,cust112,57.95,USD,03/08/2025,p125
nan,cust210,178.68,USD,10/08/2025,p580
nan,cust284,407.35,USD,28/08/2025,p330
nan,cust278,405.07,USD,16/09/2025,p459
nan,cust488,322.14,USD,14/09/2025,p555
nan,cust128,254.07,USD,03/09/2025,p709
nan,cust110,695.66,USD,26/08/2025,p564
nan,cust394,477.38,USD,17/08/2025,p735
nan,cust032,838.42,USD,23/08/2025,p309
nan,cust053,447.35,USD,24/09/2025,p110
nan,cust138,220.12,USD,02/09/2025,p552
nan,cust444,331.18,USD,23/08/2025,p823
nan,cust460,107.43,USD,03/08/2025,p388
nan,cust417,7.02,USD,13/08/2025,p799
nan,cust176,1242.55,USD,11/09/2025,p134
nan,cust374,256.23,USD,06/09/2025,p557
nan,cust414,231.73,USD,04/08/2025,p571
nan,cust179,1427.26,USD,21/09/2025,p104
nan,cust292,421.04,USD,04/09/2025,p817
nan,cust410,99.9,USD,14/08/2025,p759
nan,cust040,173.06,USD,17/09/2025,p731
nan,cust497,224.51,USD,06/09/2025,p845
nan,cust148,28.62,USD,11/08/2025,p834
nan,cust147,1167.43,USD,20/09/2025,p303
nan,cust493,482.06,USD,14/09/2025,p302
nan,cust490,335.02,USD,14/08/2025,p745
nan,cust490,1069.98,USD,27/08/2025,p728
nan,cust099,760.71,USD,09/09/2025,p867
nan,cust015,249.7,USD,07/08/2025,p713
nan,cust457,380.15,USD,04/08/2025,p773
nan,cust320,144.91,USD,11/08/2025,p572
nan,cust350,413.08,USD,22/08/2025,p689
nan,cust135,272.53,USD,01/09/2025,p174
nan,cust308,216.91,USD,31/08/2025,p452
nan,cust127,91.95,USD,22/08/2025,p247
nan,cust268,176.39,USD,24/08/2025,p475
nan,cust297,411.16,USD,04/08/2025,p815
nan,cust346,446.75,USD,17/08/2025,p213
nan,cust098,55.93,USD,27/08/2025,p494
nan,cust126,474.41,USD,18/08/2025,p160
nan,cust066,250.63,USD,01/09/2025,p136
nan,cust386,293.13,USD,03/08/2025,p515
nan,cust489,24.58,USD,20/08/2025,p729
nan,cust163,152.46,USD,09/09/2025,p127
nan,cust399,460.49,USD,11/08/2025,p689
nan,cust397,485.85,USD,17/08/2025,p269
nan,cust151,144.09,USD,01/08/2025,p136
nan,cust389,209.26,USD,21/08/2025,p797
nan,cust125,341.38,USD,18/08/2025,p354
nan,cust398,3.75,USD,18/09/2025,p683
nan,cust475,187.3,USD,10/08/2025,p149
nan,cust209,290.67,USD,03/09/2025,p895
nan,cust185,434.92,USD,01/09/2025,p131
nan,cust138,440.33,USD,03/09/2025,p179
nan,cust285,293.38,USD,08/09/2025,p711
nan,cust494,61.28,USD,17/09/2025,p881
nan,cust080,11.87,USD,25/08/2025,p863
nan,cust252,280.06,USD,21/08/2025,p333
nan,cust448,896.85,USD,19/08/2025,p479
nan,cust226,132.95,USD,31/08/2025,p765
nan,cust073,116.98,USD,23/09/2025,p367
nan,cust157,66.66,USD,17/09/2025,p621
nan,cust143,76.0,USD,11/09/2025,p848
nan,cust397,272.23,USD,08/09/2025,p841
nan,cust039,236.17,USD,11/08/2025,p118
nan,cust164,101.12,USD,07/08/2025,p739
nan,cust169,456.97,USD,08/08/2025,p763
nan,cust428,372.73,USD,23/08/2025,p578
nan,cust306,369.35,USD,18/09/2025,p540
nan,cust301,22.33,USD,21/09/2025,p622
nan,cust088,61.39,USD,07/08/2025,p208
nan,cust099,111.03,USD,27/08/2025,p481
nan,cust186,184.9,USD,08/09/2025,p293
nan,cust397,87.32,USD,26/08/2025,p511
nan,cust158,401.22,USD,06/09/2025,p377
nan,cust371,429.29,USD,07/08/2025,p511
nan,cust062,104.41,USD,30/08/2025,p145
nan,cust301,169.62,USD,31/08/2025,p757
nan,cust182,81.89,USD,08/09/2025,p218
nan,cust367,405.28,USD,26/08/2025,p322
nan,cust467,281.01,USD,01/08/2025,p556
nan,cust406,33.61,USD,24/09/2025,p172
nan,cust186,369.27,USD,20/09/2025,p842
nan,cust283,284.64,USD,02/09/2025,p738
nan,cust454,71.68,USD,21/08/2025,p799
nan,cust156,255.67,USD,26/08/2025,p238
nan,cust010,486.57,USD,08/09/2025,p694
nan,cust328,159.72,USD,28/08/2025,p550
nan,cust258,251.58,USD,01/08/2025,p134
nan,cust124,479.72,USD,04/09/2025,p380
nan,cust085,242.82,USD,06/09/2025,p828
nan,cust190,119.6,USD,20/08/2025,p225
nan,cust215,284.47,USD,21/08/2025,p484
nan,cust007,75.22,USD,19/09/2025,p418
nan,cust368,272.0,USD,02/08/2025,p804
nan,cust436,382.8,USD,26/08/2025,p845
nan,cust053,360.22,USD,25/08/2025,p147
nan,cust100,56.57,USD,31/08/2025,p701
nan,cust430,162.92,USD,10/08/2025,p501
nan,cust420,319.87,USD,15/08/2025,p898
nan,cust105,465.36,USD,06/08/2025,p321
nan,cust438,142.86,USD,18/09/2025,p628
nan,cust134,89.56,USD,24/08/2025,p358
nan,cust185,1416.14,USD,22/09/2025,p804
nan,cust303,196.09,USD,05/09/2025,p280
nan,cust193,379.79,USD,16/09/2025,p384
nan,cust439,152.98,USD,22/09/2025,p198
nan,cust114,522.38,USD,21/08/2025,p726
nan,cust111,65.19,USD,31/08/2025,p391
nan,cust051,119.72,USD,18/09/2025,p201
nan,cust043,415.99,USD,23/09/2025,p787
nan,cust167,15.08,USD,09/08/2025,p442
nan,cust146,304.29,USD,15/09/2025,p884
nan,cust302,332.07,USD,01/09/2025,p401
nan,cust280,133.45,USD,27/08/2025,p646
nan,cust337,299.53,USD,03/09/2025,p694
nan,cust195,352.2,USD,23/09/2025,p707
nan,cust478,138.45,USD,03/08/2025,p831
nan,cust302,98.65,USD,27/08/2025,p106
nan,cust255,424.77,USD,08/09/2025,p351
nan,cust242,412.55,USD,17/08/2025,p338
nan,cust299,14.99,USD,21/08/2025,p655
nan,cust431,317.66,USD,09/09/2025,p774
nan,cust236,171.84,USD,25/08/2025,p537
nan,cust004,230.28,USD,23/09/2025,p874
nan,cust290,372.25,USD,25/08/2025,p874
nan,cust008,506.22,USD,01/08/2025,p401
nan,cust485,368.58,USD,16/08/2025,p571
nan,cust239,452.45,USD,12/08/2025,p897
nan,cust304,146.27,USD,07/09/2025,p143
nan,cust490,455.65,USD,09/09/2025,p851
nan,cust111,272.74,USD,15/08/2025,p481
nan,cust222,235.63,USD,14/09/2025,p325
nan,cust485,405.37,USD,07/08/2025,p872
nan,cust257,445.81,USD,14/08/2025,p540
nan,cust302,23.25,USD,02/08/2025,p716
nan,cust184,107.71,USD,10/08/2025,p738
nan,cust231,363.46,USD,22/09/2025,p520
nan,cust242,241.05,USD,13/08/2025,p882
nan,cust146,1.25,USD,31/08/2025,p555
nan,cust466,161.65,USD,08/08/2025,p591
nan,cust335,17.42,USD,19/08/2025,p503
nan,cust111,244.42,USD,12/09/2025,p705
nan,cust182,277.8,USD,22/09/2025,p281
nan,cust339,293.35,USD,19/09/2025,p426
nan,cust368,372.94,USD,02/08/2025,p156
nan,cust252,331.23,USD,19/08/2025,p123
nan,cust214,354.07,USD,05/08/2025,p286
nan,cust210,203.26,USD,07/09/2025,p714
nan,cust455,33.22,USD,20/09/2025,p372
nan,cust002,361.1,USD,10/09/2025,p482
nan,cust071,88.84,USD,28/08/2025,p477
nan,cust047,47.93,USD,26/08/2025,p347
nan,cust242,126.87,USD,28/08/2025,p232
nan,cust087,86.74,USD,13/09/2025,p176
nan,cust250,332.62,USD,20/09/2025,p414
nan,cust241,302.29,USD,01/09/2025,p106
nan,cust428,532.15,USD,20/09/2025,p286
nan,cust345,170.32,USD,26/08/2025,p474
nan,cust259,438.51,USD,02/08/2025,p205
nan,cust109,155.39,USD,12/08/2025,p518
nan,cust403,926.72,USD,07/08/2025,p522
nan,cust005,32.42,USD,15/08/2025,p653
nan,cust176,108.56,USD,24/08/2025,p637
nan,cust360,168.07,USD,05/09/2025,p229
nan,cust088,67.41,USD,11/09/2025,p131
nan,cust011,110.05,USD,24/09/2025,p780
nan,cust401,320.74,USD,30/08/2025,p227
nan,cust209,41.57,USD,11/09/2025,p531
nan,cust215,424.97,USD,03/09/2025,p799
nan,cust154,397.16,USD,24/09/2025,p322
nan,cust123,84.74,USD,23/08/2025,p405
nan,cust259,310.95,USD,25/08/2025,p326
nan,cust403,100.15,USD,24/08/2025,p270
nan,cust225,393.71,USD,12/09/2025,p547
nan,cust435,175.14,USD,22/08/2025,p131
nan,cust417,394.01,USD,01/09/2025,p868
nan,cust348,139.3,USD,05/08/2025,p568
nan,cust071,371.57,USD,06/08/2025,p610
nan,cust099,486.89,USD,08/09/2025,p667
nan,cust445,199.72,USD,14/09/2025,p458
nan,cust053,479.84,USD,18/08/2025,p524
nan,cust088,86.4,USD,28/08/2025,p708
nan,cust481,68.7,USD,09/08/2025,p583
nan,cust440,228.66,USD,11/09/2025,p522
nan,cust285,430.85,USD,17/08/2025,p674
nan,cust250,310.06,USD,06/09/2025,p380
nan,cust365,405.91,USD,24/08/2025,p164
nan,cust070,427.95,USD,17/09/2025,p575
nan,cust474,3.84,USD,21/08/2025,p168
nan,cust096,191.1,USD,18/09/2025,p355
nan,cust372,1.26,USD,08/09/2025,p167
nan,cust271,257.88,USD,09/08/2025,p417
nan,cust465,55.8,USD,02/09/2025,p137
nan,cust295,339.23,USD,01/08/2025,p215
nan,cust078,349.51,USD,09/08/2025,p791
nan,cust137,330.01,USD,27/08/2025,p415
nan,cust007,293.57,USD,28/08/2025,p530
nan,cust490,209.82,USD,19/09/2025,p877
nan,cust405,366.54,USD,11/08/2025,p412
nan,cust241,160.58,USD,21/08/2025,p102
nan,cust480,450.78,USD,02/09/2025,p815
nan,cust445,451.64,USD,25/08/2025,p397
nan,cust463,261.86,USD,17/09/2025,p172
nan,cust350,235.66,USD,24/08/2025,p213
nan,cust344,429.59,USD,23/08/2025,p440
nan,cust189,351.35,USD,08/09/2025,p552
nan,cust338,262.46,USD,12/09/2025,p537
nan,cust351,109.9,USD,09/08/2025,p314
nan,cust024,227.08,USD,01/09/2025,p830
nan,cust330,395.28,USD,19/08/2025,p180
nan,cust134,450.93,USD,06/08/2025,p322
nan,cust111,396.73,USD,08/08/2025,p470
nan,cust170,459.72,USD,07/08/2025,p701
nan,cust150,488.8,USD,07/09/2025,p261
nan,cust375,344.76,USD,21/09/2025,p684
nan,cust235,27.97,USD,06/09/2025,p124
nan,cust138,309.75,USD,07/09/2025,p586
nan,cust274,63.9,USD,16/09/2025,p289
nan,cust005,415.97,USD,05/08/2025,p548
nan,cust268,1334.71,USD,22/08/2025,p233
nan,cust042,128.83,USD,24/09/2025,p593
nan,cust422,158.67,USD,11/09/2025,p803
nan,cust140,313.14,USD,03/09/2025,p896
nan,cust227,498.17,USD,18/09/2025,p327
nan,cust459,11.62,USD,15/08/2025,p785
nan,cust077,14.18,USD,25/08/2025,p305
nan,cust031,181.5,USD,03/08/2025,p807
nan,cust311,468.63,USD,16/08/2025,p362
nan,cust249,165.83,USD,18/08/2025,p834
nan,cust100,1478.05,USD,07/09/2025,p594
nan,cust448,212.65,USD,24/08/2025,p142
nan,cust324,373.26,USD,11/08/2025,p741
nan,cust337,1249.92,USD,18/09/2025,p115
nan,cust178,369.18,USD,25/08/2025,p369
nan,cust333,432.54,USD,12/09/2025,p184
nan,cust369,364.01,USD,31/08/2025,p517
nan,cust257,137.92,USD,16/08/2025,p308
nan,cust345,16.87,USD,03/09/2025,p855
nan,cust140,488.19,USD,11/08/2025,p689
nan,cust059,333.05,USD,19/08/2025,p377
nan,cust436,158.75,USD,10/09/2025,p879
nan,cust102,301.41,USD,17/08/2025,p797
nan,cust249,384.74,USD,10/08/2025,p550
nan,cust291,87.4,USD,03/08/2025,p143
nan,cust089,430.72,USD,02/08/2025,p237
nan,cust118,1254.12,USD,13/08/2025,p647
nan,cust491,137.53,USD,21/08/2025,p433
nan,cust189,428.47,USD,24/09/2025,p698
nan,cust184,255.89,USD,15/09/2025,p484
nan,cust041,359.74,USD,14/09/2025,p832
nan,cust311,263.61,USD,20/09/2025,p889
nan,cust122,210.97,USD,02/08/2025,p652
nan,cust244,263.8,USD,12/08/2025,p874
nan,cust226,20.81,USD,02/09/2025,p737
nan,cust147,309.63,USD,12/09/2025,p168
nan,cust280,285.46,USD,11/08/2025,p891
nan,cust343,341.76,USD,22/09/2025,p137
nan,cust150,205.44,USD,02/09/2025,p208
nan,cust049,217.83,USD,21/08/2025,p335
nan,cust278,393.31,USD,08/09/2025,p499
nan,cust050,2.07,USD,25/08/2025,p782
nan,cust023,454.62,USD,16/09/2025,p814
nan,cust477,156.23,USD,19/08/2025,p894
nan,cust124,334.79,USD,13/09/2025,p860
nan,cust351,45.99,USD,03/09/2025,p856
nan,cust008,438.03,USD,02/09/2025,p158
nan,cust470,26.11,USD,18/09/2025,p364
nan,cust062,342.54,USD,11/08/2025,p440
nan,cust338,439.77,USD,22/08/2025,p766
nan,cust349,416.52,USD,14/08/2025,p707
nan,cust238,24.15,USD,23/08/2025,p365
nan,cust457,270.83,USD,04/09/2025,p671
nan,cust103,265.29,USD,02/09/2025,p675
nan,cust180,320.78,USD,16/09/2025,p196
nan,cust149,5.18,USD,14/08/2025,p512
nan,cust020,70.64,USD,20/09/2025,p376
nan,cust203,245.38,USD,17/09/2025,p636
nan,cust271,58.84,USD,24/09/2025,p547
nan,cust209,124.56,USD,16/09/2025,p662
nan,cust464,473.91,USD,08/09/2025,p214
nan,cust445,227.14,USD,11/09/2025,p715
nan,cust440,291.18,USD,09/08/2025,p651
nan,cust262,322.68,USD,19/08/2025,p619
nan,cust248,402.37,USD,15/08/2025,p560
nan,cust258,161.01,USD,14/08/2025,p166
nan,cust143,39.52,USD,21/09/2025,p643
nan,cust140,455.57,USD,26/08/2025,p499
nan,cust303,490.1,USD,22/08/2025,p645
nan,cust099,35.26,USD,10/09/2025,p791
nan,cust135,418.2,USD,24/09/2025,p224
nan,cust103,74.64,USD,03/09/2025,p835
nan,cust205,186.73,USD,04/09/2025,p787
nan,cust281,430.16,USD,07/09/2025,p154
nan,cust216,473.36,USD,08/08/2025,p184
nan,cust045,439.64,USD,26/08/2025,p347
nan,cust372,355.71,USD,12/08/2025,p791
nan,cust280,196.17,USD,10/08/2025,p630
nan,cust121,192.5,USD,13/09/2025,p774
nan,cust395,317.51,USD,26/08/2025,p669
nan,cust135,25.19,USD,28/08/2025,p584
nan,cust138,438.28,USD,23/08/2025,p711
nan,cust335,1091.16,USD,18/08/2025,p324
nan,cust478,246.34,USD,08/08/2025,p384
nan,cust306,202.34,USD,11/09/2025,p138
nan,cust224,430.75,USD,14/08/2025,p604
nan,cust070,20.38,USD,28/08/2025,p845
nan,cust075,21.16,USD,02/08/2025,p816
nan,cust244,379.49,USD,12/09/2025,p496
nan,cust041,422.29,USD,02/09/2025,p305
nan,cust035,24.84,USD,31/08/2025,p606
nan,cust174,199.72,USD,29/08/2025,p211
nan,cust024,157.98,USD,16/08/2025,p768
nan,cust155,142.31,USD,19/09/2025,p124
nan,cust344,444.83,USD,17/08/2025,p809
nan,cust159,146.66,USD,01/08/2025,p603
nan,cust088,94.25,USD,15/09/2025,p463
nan,cust038,475.35,USD,14/08/2025,p438
nan,cust081,228.04,USD,07/09/2025,p895
nan,cust017,444.27,USD,10/08/2025,p606
nan,cust129,189.87,USD,10/09/2025,p184
nan,cust107,366.93,USD,23/08/2025,p776
nan,cust222,274.42,USD,06/08/2025,p577
nan,cust006,136.94,USD,16/08/2025,p301
nan,cust313,47.94,USD,07/09/2025,p505
nan,cust081,21.15,USD,24/08/2025,p833
nan,cust499,247.97,USD,01/08/2025,p221
nan,cust265,298.48,USD,18/08/2025,p787
nan,cust151,405.54,USD,03/09/2025,p852
nan,cust054,62.16,USD,29/08/2025,p118
nan,cust274,147.34,USD,12/09/2025,p896
nan,cust148,903.63,USD,10/08/2025,p501
nan,cust256,499.14,USD,13/09/2025,p859
nan,cust489,40.62,USD,26/08/2025,p690
nan,cust270,384.56,USD,21/08/2025,p357
nan,cust421,431.16,USD,16/09/2025,p513
nan,cust146,361.88,USD,05/08/2025,p408
nan,cust451,755.38,USD,25/08/2025,p893
nan,cust050,422.28,USD,09/09/2025,p517
nan,cust087,124.47,USD,03/09/2025,p231
nan,cust483,264.43,USD,30/08/2025,p835
nan,cust058,15.34,USD,19/09/2025,p377
nan,cust333,458.65,USD,20/09/2025,p379
nan,cust108,285.57,USD,16/08/2025,p880
nan,cust283,387.41,USD,21/09/2025,p314
nan,cust307,422.77,USD,13/09/2025,p505
nan,cust180,340.72,USD,01/09/2025,p455
nan,cust012,102.58,USD,08/09/2025,p436
nan,cust425,109.98,USD,22/09/2025,p534
nan,cust314,413.16,USD,23/09/2025,p341
nan,cust360,6.73,USD,08/08/2025,p799
nan,cust331,225.13,USD,20/09/2025,p553
nan,cust414,71.26,USD,25/08/2025,p653
nan,cust354,494.44,USD,20/08/2025,p110
nan,cust466,116.47,USD,05/08/2025,p506
nan,cust399,195.29,USD,19/08/2025,p163
nan,cust295,394.05,USD,24/08/2025,p515
nan,cust191,797.61,USD,12/09/2025,p343
nan,cust054,466.2,USD,02/09/2025,p361
nan,cust246,1421.92,USD,08/09/2025,p361
nan,cust280,329.46,USD,13/09/2025,p490
nan,cust403,92.32,USD,14/09/2025,p854
nan,cust130,214.29,USD,11/08/2025,p135
nan,cust365,206.49,USD,04/08/2025,p283
nan,cust092,19.35,USD,29/08/2025,p223
nan,cust222,30.22,USD,19/08/2025,p515
nan,cust489,5.12,USD,06/08/2025,p573
nan,cust177,340.27,USD,09/09/2025,p495
nan,cust358,357.16,USD,03/09/2025,p731
nan,cust284,275.0,USD,21/09/2025,p718
nan,cust445,215.87,USD,15/08/2025,p522
nan,cust058,52.32,USD,21/09/2025,p619
nan,cust379,89.44,USD,26/08/2025,p521
nan,cust298,226.07,USD,14/08/2025,p292
nan,cust494,14.9,USD,05/08/2025,p373
nan,cust496,238.64,USD,22/08/2025,p687
nan,cust123,126.61,USD,09/08/2025,p816
nan,cust370,336.33,USD,05/08/2025,p314
nan,cust128,445.29,USD,20/08/2025,p753
nan,cust261,107.59,USD,22/09/2025,p213
nan,cust196,269.83,USD,26/08/2025,p432
nan,cust463,97.17,USD,24/08/2025,p187
nan,cust166,220.63,USD,20/09/2025,p846
nan,cust481,254.1,USD,09/09/2025,p174
nan,cust045,186.95,USD,17/08/2025,p859
nan,cust443,1163.74,USD,31/08/2025,p240
nan,cust026,422.27,USD,13/09/2025,p254
nan,cust472,201.03,USD,08/08/2025,p652
nan,cust452,413.97,USD,24/09/2025,p398
nan,cust108,425.21,USD,01/09/2025,p829
nan,cust215,170.4,USD,01/08/2025,p828
nan,cust242,265.44,USD,24/09/2025,p289
nan,cust394,211.41,USD,29/08/2025,p388
nan,cust170,150.63,USD,08/09/2025,p467
nan,cust351,1338.79,USD,20/08/2025,p311
nan,cust081,450.56,USD,03/09/2025,p866
nan,cust337,286.11,USD,19/08/2025,p568
nan,cust479,243.4,USD,19/08/2025,p253
nan,cust026,206.13,USD,10/09/2025,p699
nan,cust295,50.95,USD,13/09/2025,p162
nan,cust337,144.31,USD,15/09/2025,p516
nan,cust016,75.37,USD,06/08/2025,p310
nan,cust234,224.02,USD,24/08/2025,p313
nan,cust189,835.98,USD,24/08/2025,p236
nan,cust052,363.46,USD,02/08/2025,p672
nan,cust182,388.58,USD,15/08/2025,p638
nan,cust322,424.91,USD,27/08/2025,p309
nan,cust455,305.37,USD,26/08/2025,p306
nan,cust319,151.86,USD,13/08/2025,p179
nan,cust450,793.74,USD,10/09/2025,p325
nan,cust372,373.07,USD,25/08/2025,p462
nan,cust341,161.97,USD,20/09/2025,p800
nan,cust270,126.16,USD,17/08/2025,p499
nan,cust314,420.13,USD,18/09/2025,p486
nan,cust092,152.24,USD,13/08/2025,p377
nan,cust019,115.39,USD,26/08/2025,p128
nan,cust239,672.69,USD,12/09/2025,p172
nan,cust046,463.43,USD,19/08/2025,p719
nan,cust312,116.96,USD,29/08/2025,p418
nan,cust486,175.28,USD,30/08/2025,p281
nan,cust484,364.22,USD,03/08/2025,p380
nan,cust102,106.6,USD,13/09/2025,p274
nan,cust455,394.32,USD,05/08/2025,p628
nan,cust145,97.34,USD,15/09/2025,p314
nan,cust483,69.29,USD,22/08/2025,p165
nan,cust249,35.29,USD,02/09/2025,p192
nan,cust405,18.1,USD,16/08/2025,p194
nan,cust302,330.57,USD,03/09/2025,p227
nan,cust167,367.85,USD,04/08/2025,p704
nan,cust435,316.66,USD,28/08/2025,p634
nan,cust351,309.61,USD,26/08/2025,p746
nan,cust145,144.49,USD,16/09/2025,p316
nan,cust102,1250.45,USD,07/08/2025,p584
nan,cust048,405.0,USD,06/08/2025,p770
nan,cust284,120.06,USD,12/08/2025,p111
nan,cust479,136.77,USD,11/08/2025,p825
nan,cust162,226.41,USD,26/08/2025,p258
nan,cust196,379.75,USD,01/08/2025,p181
nan,cust216,269.07,USD,13/08/2025,p696
nan,cust148,69.0,USD,21/09/2025,p664
nan,cust449,224.58,USD,01/09/2025,p572
nan,cust329,992.88,USD,15/08/2025,p163
nan,cust062,442.02,USD,10/08/2025,p774
nan,cust490,119.55,USD,19/09/2025,p809
nan,cust374,71.32,USD,03/08/2025,p774
nan,cust260,466.24,USD,19/09/2025,p155
nan,cust452,177.66,USD,26/08/2025,p217
nan,cust293,136.09,USD,07/08/2025,p624
nan,cust353,110.23,USD,10/09/2025,p624
nan,cust384,266.78,USD,02/09/2025,p682
nan,cust487,250.5,USD,26/08/2025,p317
nan,cust001,412.4,USD,20/09/2025,p326
nan,cust209,160.73,USD,05/09/2025,p724
nan,cust461,327.63,USD,27/08/2025,p673
nan,cust427,399.59,USD,07/09/2025,p678
nan,cust196,56.15,USD,23/08/2025,p805
nan,cust161,497.65,USD,22/08/2025,p136
nan,cust069,134.19,USD,05/08/2025,p332
nan,cust109,474.7,USD,08/08/2025,p191
nan,cust411,122.17,USD,30/08/2025,p139
nan,cust249,85.41,USD,27/08/2025,p549
nan,cust222,315.38,USD,01/08/2025,p271
nan,cust443,201.15,USD,14/08/2025,p651
nan,cust140,26.14,USD,15/09/2025,p191
nan,cust123,36.82,USD,03/08/2025,p357
nan,cust489,33.16,USD,14/08/2025,p889
nan,cust260,78.45,USD,22/08/2025,p899
nan,cust146,213.94,USD,06/08/2025,p353
nan,cust130,145.72,USD,21/08/2025,p337
nan,cust101,389.16,USD,20/08/2025,p239
nan,cust480,160.88,USD,31/08/2025,p276
nan,cust036,379.45,USD,06/09/2025,p680
nan,cust392,474.65,USD,06/09/2025,p862
nan,cust305,1038.86,USD,17/08/2025,p611
nan,cust280,334.12,USD,16/09/2025,p896
nan,cust437,297.56,USD,20/09/2025,p218
nan,cust443,69.76,USD,20/08/2025,p550
nan,cust039,304.27,USD,16/09/2025,p372
nan,cust016,130.37,USD,20/08/2025,p886
nan,cust203,259.52,USD,10/08/2025,p427
nan,cust336,190.69,USD,12/09/2025,p466
nan,cust114,54.21,USD,01/08/2025,p132
nan,cust261,198.9,USD,04/09/2025,p142
nan,cust198,260.03,USD,03/09/2025,p726
nan,cust062,342.72,USD,16/08/2025,p672
nan,cust249,143.37,USD,02/09/2025,p436
nan,cust406,158.44,USD,21/09/2025,p610
nan,cust313,148.23,USD,09/09/2025,p745
nan,cust239,99.1,USD,07/09/2025,p516
nan,cust107,223.82,USD,20/09/2025,p827
nan,cust375,12.62,USD,12/09/2025,p785
nan,cust236,357.62,USD,10/08/2025,p645
nan,cust085,427.15,USD,01/08/2025,p387
nan,cust329,281.03,USD,07/09/2025,p392
nan,cust324,125.45,USD,08/09/2025,p698
nan,cust093,6.59,USD,12/08/2025,p523
nan,cust408,141.21,USD,29/08/2025,p437
nan,cust180,475.31,USD,10/08/2025,p368
nan,cust055,350.42,USD,05/09/2025,p549
nan,cust388,51.46,USD,20/08/2025,p289
nan,cust025,1382.1,USD,04/09/2025,p390
nan,cust290,320.04,USD,16/09/2025,p356
nan,cust444,585.58,USD,22/09/2025,p455
nan,cust444,424.25,USD,01/09/2025,p539
nan,cust460,203.73,USD,14/09/2025,p214
nan,cust379,477.01,USD,11/09/2025,p291
nan,cust347,428.72,USD,06/08/2025,p360
nan,cust183,217.74,USD,11/08/2025,p102
nan,cust099,407.78,USD,26/08/2025,p175
nan,cust500,1468.85,USD,18/08/2025,p292
nan,cust191,375.95,USD,01/09/2025,p665
nan,cust423,234.5,USD,15/08/2025,p580
nan,cust414,124.31,USD,15/09/2025,p513
nan,cust028,24.33,USD,02/08/2025,p327
nan,cust354,263.51,USD,02/09/2025,p545
nan,cust180,478.75,USD,26/08/2025,p547
nan,cust217,381.98,USD,01/08/2025,p721
nan,cust289,142.34,USD,09/09/2025,p882
nan,cust035,288.55,USD,10/09/2025,p362
nan,cust155,171.09,USD,05/09/2025,p156
nan,cust031,161.05,USD,02/09/2025,p866
nan,cust035,48.79,USD,03/08/2025,p379
nan,cust080,217.41,USD,22/09/2025,p669
nan,cust455,160.35,USD,02/08/2025,p350
nan,cust184,255.37,USD,30/08/2025,p598
nan,cust283,478.55,USD,31/08/2025,p675
nan,cust313,162.75,USD,04/08/2025,p467
nan,cust137,1014.57,USD,08/08/2025,p860
nan,cust165,262.73,USD,04/08/2025,p319
nan,cust153,460.51,USD,17/08/2025,p861
nan,cust421,175.04,USD,15/09/2025,p219
nan,cust382,409.0,USD,24/08/2025,p248
nan,cust404,330.04,USD,08/09/2025,p655
nan,cust431,354.26,USD,03/09/2025,p293
nan,cust334,298.32,USD,02/09/2025,p602
nan,cust468,254.53,USD,30/08/2025,p510
nan,cust320,321.81,USD,15/09/2025,p202
nan,cust026,389.36,USD,22/08/2025,p854
nan,cust454,189.22,USD,02/09/2025,p411
nan,cust463,454.12,USD,22/09/2025,p173
nan,cust466,444.33,USD,10/09/2025,p348
nan,cust248,196.65,USD,13/09/2025,p216
nan,cust057,253.91,USD,18/08/2025,p514
nan,cust436,315.1,USD,04/08/2025,p726
nan,cust458,182.67,USD,17/09/2025,p852
nan,cust320,181.83,USD,31/08/2025,p790
nan,cust416,34.42,USD,20/08/2025,p838
nan,cust408,382.4,USD,20/08/2025,p610
nan,cust233,486.81,USD,06/09/2025,p349
nan,cust417,35.06,USD,04/08/2025,p426
nan,cust465,444.72,USD,24/08/2025,p859
nan,cust238,81.25,USD,08/09/2025,p721
nan,cust081,700.18,USD,22/09/2025,p157
nan,cust345,348.91,USD,08/08/2025,p499
nan,cust287,54.8,USD,20/08/2025,p279
nan,cust364,42.87,USD,27/08/2025,p817
nan,cust243,319.01,USD,02/08/2025,p471
nan,cust414,278.98,USD,16/08/2025,p664
nan,cust008,147.37,USD,05/09/2025,p468
nan,cust066,58.79,USD,20/09/2025,p755
nan,cust380,260.1,USD,18/08/2025,p774
nan,cust331,373.91,USD,06/09/2025,p292
nan,cust488,248.62,USD,16/09/2025,p422
nan,cust359,344.96,USD,12/09/2025,p741
nan,cust102,295.99,USD,11/09/2025,p616
nan,cust182,197.5,USD,01/09/2025,p358
nan,cust437,291.64,USD,09/08/2025,p652
nan,cust410,80.88,USD,22/09/2025,p212
nan,cust498,398.93,USD,15/09/2025,p148
nan,cust121,43.38,USD,28/08/2025,p680
nan,cust473,337.72,USD,03/08/2025,p597
nan,cust189,42.13,USD,05/08/2025,p631
nan,cust165,417.17,USD,14/08/2025,p723
nan,cust224,482.5,USD,21/09/2025,p590
nan,cust184,331.91,USD,16/08/2025,p137
nan,cust145,240.69,USD,17/08/2025,p303
nan,cust297,128.39,USD,14/08/2025,p485
nan,cust442,1.48,USD,18/08/2025,p613
nan,cust207,190.81,USD,08/09/2025,p742
nan,cust184,48.39,USD,04/09/2025,p432
nan,cust189,46.56,USD,11/08/2025,p309
nan,cust192,253.85,USD,08/09/2025,p619
nan,cust127,343.25,USD,11/09/2025,p356
nan,cust078,251.7,USD,29/08/2025,p326
nan,cust410,93.32,USD,14/09/2025,p623
nan,cust307,234.48,USD,30/08/2025,p793
nan,cust026,285.0,USD,08/09/2025,p722
nan,cust055,103.5,USD,12/08/2025,p168
nan,cust114,70.7,USD,09/09/2025,p496
nan,cust243,381.8,USD,08/08/2025,p101
nan,cust298,401.14,USD,07/09/2025,p123
nan,cust048,200.99,USD,10/08/2025,p580
nan,cust036,384.29,USD,06/09/2025,p451
nan,cust340,154.53,USD,12/08/2025,p332
nan,cust287,62.95,USD,24/09/2025,p490
nan,cust099,874.14,USD,22/09/2025,p173
nan,cust225,664.31,USD,04/08/2025,p398
nan,cust347,49.74,USD,20/09/2025,p874
nan,cust409,154.99,USD,13/08/2025,p463
nan,cust182,134.39,USD,21/09/2025,p752
nan,cust230,32.72,USD,04/08/2025,p496
nan,cust451,427.4,USD,03/09/2025,p511
nan,cust244,92.91,USD,18/09/2025,p445
nan,cust159,321.88,USD,31/08/2025,p749
nan,cust377,477.96,USD,29/08/2025,p532
nan,cust232,254.03,USD,05/09/2025,p416
nan,cust023,369.36,USD,10/09/2025,p696
nan,cust403,205.4,USD,17/09/2025,p352
nan,cust461,488.48,USD,13/09/2025,p756
nan,cust022,144.64,USD,09/08/2025,p344
nan,cust249,224.79,USD,14/09/2025,p358
nan,cust373,251.05,USD,22/09/2025,p863
nan,cust064,418.47,USD,27/08/2025,p474
nan,cust260,129.5,USD,19/09/2025,p641
nan,cust126,2.21,USD,01/08/2025,p450
nan,cust087,37.8,USD,18/09/2025,p796
nan,cust100,431.24,USD,16/08/2025,p554
nan,cust170,206.71,USD,29/08/2025,p817
nan,cust112,269.5,USD,16/08/2025,p282
nan,cust034,307.41,USD,17/09/2025,p870
nan,cust458,445.46,USD,05/08/2025,p720
nan,cust151,348.48,USD,03/09/2025,p396
nan,cust030,399.34,USD,18/09/2025,p622
nan,cust285,609.31,USD,10/08/2025,p446
nan,cust240,354.83,USD,06/09/2025,p348
nan,cust312,366.45,USD,15/08/2025,p584
nan,cust168,437.07,USD,05/09/2025,p709
nan,cust427,134.01,USD,01/09/2025,p605
nan,cust308,40.35,USD,15/08/2025,p237
nan,cust111,211.8,USD,11/08/2025,p481
nan,cust403,492.37,USD,09/09/2025,p216
nan,cust192,219.7,USD,02/08/2025,p696
nan,cust473,1106.43,USD,24/08/2025,p741
nan,cust344,304.36,USD,11/08/2025,p562
nan,cust450,159.15,USD,06/08/2025,p766
nan,cust460,423.0,USD,12/08/2025,p552
nan,cust056,68.86,USD,13/09/2025,p354
nan,cust392,399.94,USD,19/08/2025,p741
nan,cust231,230.75,USD,25/08/2025,p436
nan,cust100,675.44,USD,01/08/2025,p237
nan,cust263,126.55,USD,03/09/2025,p769
nan,cust039,465.15,USD,14/09/2025,p801
nan,cust366,238.44,USD,27/08/2025,p628
nan,cust491,499.53,USD,23/08/2025,p479
nan,cust237,878.34,USD,22/08/2025,p754
nan,cust074,456.23,USD,03/09/2025,p337
nan,cust179,66.25,USD,28/08/2025,p632
nan,cust227,630.48,USD,23/09/2025,p700
nan,cust162,64.51,USD,01/08/2025,p528
nan,cust070,387.48,USD,06/09/2025,p311
nan,cust253,428.92,USD,21/08/2025,p134
nan,cust228,14.08,USD,01/08/2025,p744
nan,cust235,36.63,USD,15/09/2025,p616
nan,cust413,446.56,USD,06/08/2025,p694
nan,cust320,178.04,USD,17/08/2025,p691
nan,cust446,177.56,USD,24/09/2025,p235
nan,cust267,322.7,USD,09/08/2025,p609
nan,cust353,24.6,USD,13/09/2025,p467
nan,cust072,74.12,USD,26/08/2025,p717
nan,cust272,170.26,USD,13/09/2025,p618
nan,cust031,280.64,USD,16/08/2025,p551
nan,cust406,252.96,USD,16/08/2025,p478
nan,cust196,358.3,USD,16/08/2025,p748
nan,cust474,80.17,USD,20/08/2025,p647
nan,cust456,167.11,USD,01/09/2025,p828
nan,cust243,366.5,USD,12/09/2025,p619
nan,cust421,71.45,USD,23/08/2025,p196
nan,cust366,35.13,USD,02/09/2025,p310
nan,cust126,37.16,USD,25/08/2025,p199
nan,cust278,341.12,USD,23/08/2025,p210
nan,cust005,37.93,USD,15/09/2025,p215
nan,cust334,458.05,USD,17/09/2025,p214
nan,cust360,170.37,USD,23/08/2025,p380
nan,cust357,116.78,USD,02/09/2025,p476
nan,cust253,173.09,USD,03/08/2025,p500
nan,cust341,268.49,USD,03/09/2025,p130
nan,cust105,372.87,USD,22/09/2025,p251
nan,cust041,334.33,USD,11/09/2025,p513
nan,cust416,190.57,USD,29/08/2025,p708
nan,cust227,190.31,USD,11/08/2025,p556
nan,cust206,59.9,USD,13/08/2025,p810
nan,cust369,44.73,USD,07/08/2025,p758
nan,cust006,403.51,USD,26/08/2025,p195
nan,cust069,113.58,USD,14/08/2025,p888
nan,cust445,129.06,USD,04/08/2025,p482
nan,cust016,438.43,USD,03/09/2025,p774
nan,cust154,498.27,USD,13/09/2025,p345
nan,cust356,247.07,USD,14/09/2025,p333
nan,cust459,311.57,USD,30/08/2025,p825
nan,cust297,122.2,USD,09/08/2025,p872
nan,cust351,394.13,USD,30/08/2025,p414
nan,cust412,144.88,USD,06/08/2025,p778
nan,cust079,13.83,USD,19/09/2025,p741
nan,cust061,363.99,USD,23/08/2025,p123
nan,cust455,397.19,USD,10/09/2025,p165
nan,cust215,170.08,USD,18/09/2025,p896
nan,cust148,253.92,USD,10/08/2025,p559
nan,cust370,157.26,USD,24/09/2025,p188
nan,cust278,85.32,USD,11/08/2025,p642
nan,cust228,5.46,USD,15/09/2025,p430
nan,cust323,155.89,USD,16/08/2025,p654
nan,cust276,248.86,USD,20/08/2025,p649
nan,cust299,203.17,USD,06/08/2025,p581
nan,cust275,32.84,USD,05/09/2025,p163
nan,cust459,185.72,USD,01/09/2025,p347
nan,cust162,308.42,USD,21/09/2025,p553
nan,cust249,269.14,USD,07/08/2025,p754
nan,cust418,5.1,USD,14/09/2025,p140
nan,cust034,270.8,USD,14/08/2025,p346
nan,cust057,261.01,USD,06/09/2025,p118
nan,cust014,1006.82,USD,12/09/2025,p420
nan,cust075,193.41,USD,06/09/2025,p754
nan,cust455,214.72,USD,13/09/2025,p217
nan,cust303,2.74,USD,16/08/2025,p285
nan,cust177,148.11,USD,21/08/2025,p287
nan,cust269,488.8,USD,09/09/2025,p798
nan,cust163,114.49,USD,30/08/2025,p615
nan,cust474,244.07,USD,07/08/2025,p197
nan,cust366,99.01,USD,30/08/2025,p459
nan,cust349,268.84,USD,08/08/2025,p401
nan,cust435,77.19,USD,31/08/2025,p877
nan,cust174,433.04,USD,25/08/2025,p640
nan,cust495,276.61,USD,18/09/2025,p163
nan,cust471,183.05,USD,03/09/2025,p795
nan,cust441,297.1,USD,22/08/2025,p400
nan,cust089,258.19,USD,12/08/2025,p431
nan,cust358,295.29,USD,23/08/2025,p518
nan,cust270,430.57,USD,15/08/2025,p670
nan,cust274,439.09,USD,01/08/2025,p347
nan,cust329,639.61,USD,17/09/2025,p386
nan,cust084,149.53,USD,01/08/2025,p186
nan,cust098,205.04,USD,17/08/2025,p293
nan,cust472,278.23,USD,15/09/2025,p681
nan,cust108,75.54,USD,05/09/2025,p309
nan,cust023,168.96,USD,09/08/2025,p801
nan,cust116,306.25,USD,06/09/2025,p474
nan,cust148,470.41,USD,01/08/2025,p269
nan,cust352,556.43,USD,09/09/2025,p290
nan,cust202,170.61,USD,16/09/2025,p663
nan,cust138,278.97,USD,22/09/2025,p724
nan,cust484,213.55,USD,13/08/2025,p590
nan,cust175,397.24,USD,03/08/2025,p875
nan,cust171,215.41,USD,06/08/2025,p658
nan,cust250,115.33,USD,09/09/2025,p215
nan,cust033,207.87,USD,22/09/2025,p556
nan,cust008,1265.01,USD,17/09/2025,p666
nan,cust257,27.35,USD,08/08/2025,p257
nan,cust441,18.6,USD,17/09/2025,p813
nan,cust402,174.53,USD,02/08/2025,p585
nan,cust314,434.43,USD,02/08/2025,p840
nan,cust343,126.15,USD,27/08/2025,p784
nan,cust479,497.01,USD,30/08/2025,p216
nan,cust258,263.16,USD,20/08/2025,p490
nan,cust459,445.31,USD,01/08/2025,p814
nan,cust131,197.73,USD,24/09/2025,p844
nan,cust020,427.55,USD,17/08/2025,p229
nan,cust113,422.39,USD,16/08/2025,p779
nan,cust290,277.1,USD,24/08/2025,p833
nan,cust456,601.71,USD,04/08/2025,p652
nan,cust246,63.77,USD,27/08/2025,p753
nan,cust214,492.8,USD,14/09/2025,p548
nan,cust202,280.74,USD,23/08/2025,p549
nan,cust007,406.05,USD,04/09/2025,p574
nan,cust458,78.92,USD,18/08/2025,p315
nan,cust285,32.7,USD,04/08/2025,p277
nan,cust480,114.98,USD,28/08/2025,p215
nan,cust005,188.3,USD,26/08/2025,p407
nan,cust343,387.33,USD,10/08/2025,p326
nan,cust309,39.42,USD,30/08/2025,p820
nan,cust386,109.42,USD,06/09/2025,p500
nan,cust092,382.72,USD,22/09/2025,p588
nan,cust500,126.25,USD,20/09/2025,p321
nan,cust195,413.22,USD,14/09/2025,p247
nan,cust139,248.77,USD,15/08/2025,p471
nan,cust438,1013.46,USD,11/09/2025,p156
nan,cust372,316.26,USD,08/08/2025,p737
nan,cust096,251.92,USD,28/08/2025,p601
nan,cust389,481.96,USD,14/08/2025,p585
nan,cust359,343.53,USD,16/09/2025,p681
nan,cust109,146.66,USD,09/09/2025,p104
nan,cust169,443.87,USD,23/08/2025,p706
nan,cust215,2.48,USD,04/08/2025,p208
nan,cust377,376.21,USD,08/09/2025,p713
nan,cust472,400.0,USD,24/09/2025,p669
nan,cust300,390.96,USD,01/09/2025,p595
nan,cust080,466.87,USD,31/08/2025,p211
nan,cust015,481.97,USD,22/08/2025,p288
nan,cust410,332.47,USD,17/08/2025,p341
nan,cust362,1136.48,USD,01/08/2025,p252
nan,cust017,100.39,USD,27/08/2025,p681
nan,cust350,150.33,USD,28/08/2025,p596
nan,cust275,286.43,USD,25/08/2025,p287
nan,cust107,430.58,USD,21/09/2025,p197
nan,cust368,477.47,USD,18/08/2025,p533
nan,cust168,475.86,USD,15/08/2025,p303
nan,cust353,440.49,USD,30/08/2025,p583
nan,cust120,200.23,USD,08/08/2025,p445
nan,cust246,228.3,USD,06/08/2025,p596
nan,cust311,462.32,USD,15/09/2025,p359
nan,cust076,60.55,USD,01/09/2025,p351
nan,cust196,27.25,USD,02/09/2025,p506
nan,cust492,232.6,USD,08/08/2025,p784
nan,cust444,11.72,USD,25/08/2025,p149
nan,cust066,477.45,USD,16/09/2025,p637
nan,cust177,485.07,USD,14/08/2025,p638
nan,cust296,361.66,USD,05/08/2025,p188
nan,cust486,365.98,USD,03/09/2025,p615
nan,cust166,119.3,USD,05/08/2025,p177
nan,cust108,143.77,USD,17/08/2025,p182
nan,cust497,444.56,USD,23/09/2025,p563
nan,cust114,15.99,USD,24/08/2025,p567
nan,cust125,329.6,USD,18/09/2025,p581
nan,cust478,373.08,USD,03/08/2025,p495
nan,cust421,37.73,USD,09/08/2025,p897
nan,cust414,400.6,USD,01/09/2025,p540
nan,cust401,447.51,USD,24/09/2025,p846
nan,cust077,81.26,USD,17/08/2025,p812
nan,cust450,439.24,USD,18/08/2025,p892
nan,cust381,463.7,USD,04/08/2025,p421
nan,cust236,160.49,USD,25/08/2025,p884
nan,cust147,499.74,USD,30/08/2025,p723
nan,cust005,85.16,USD,14/09/2025,p391
nan,cust051,390.86,USD,31/08/2025,p465
nan,cust420,266.42,USD,17/08/2025,p491
nan,cust160,131.73,USD,20/08/2025,p291
nan,cust047,156.22,USD,05/09/2025,p886
nan,cust274,359.13,USD,31/08/2025,p293
nan,cust038,207.38,USD,25/08/2025,p704
nan,cust500,80.8,USD,14/09/2025,p103
nan,cust372,342.8,USD,21/09/2025,p250
nan,cust283,45.61,USD,03/08/2025,p882
nan,cust396,394.82,USD,09/08/2025,p582
nan,cust300,105.33,USD,06/08/2025,p696
nan,cust235,96.05,USD,16/09/2025,p132
nan,cust422,339.72,USD,09/08/2025,p357
nan,cust285,72.71,USD,09/09/2025,p583
nan,cust424,321.59,USD,17/08/2025,p409
nan,cust104,73.52,USD,23/08/2025,p629
nan,cust172,338.3,USD,06/08/2025,p491
nan,cust312,282.97,USD,16/09/2025,p733
nan,cust395,360.22,USD,16/09/2025,p813
nan,cust139,259.02,USD,11/09/2025,p112
nan,cust221,111.0,USD,21/08/2025,p202
nan,cust370,129.92,USD,07/08/2025,p409
nan,cust315,584.92,USD,23/08/2025,p626
nan,cust323,430.98,USD,05/09/2025,p795
nan,cust419,405.74,USD,29/08/2025,p830
nan,cust136,360.1,USD,08/09/2025,p189
nan,cust499,211.7,USD,04/09/2025,p146
nan,cust466,302.83,USD,20/09/2025,p516
nan,cust381,283.39,USD,31/08/2025,p444
nan,cust278,281.37,USD,27/08/2025,p848
nan,cust237,496.75,USD,28/08/2025,p637
nan,cust171,403.58,USD,04/09/2025,p608
nan,cust375,43.67,USD,28/08/2025,p107
nan,cust303,175.85,USD,30/08/2025,p420
nan,cust388,195.11,USD,02/09/2025,p376
nan,cust454,367.97,USD,23/08/2025,p266
nan,cust389,136.36,USD,02/09/2025,p825
nan,cust322,122.03,USD,25/08/2025,p410
nan,cust374,315.77,USD,17/08/2025,p352
nan,cust126,412.35,USD,18/08/2025,p185
nan,cust062,238.81,USD,06/08/2025,p156
nan,cust110,99.51,USD,08/08/2025,p757
nan,cust312,62.26,USD,17/08/2025,p194
nan,cust422,30.1,USD,18/09/2025,p518
nan,cust393,410.3,USD,19/08/2025,p669
nan,cust080,181.3,USD,23/08/2025,p576
nan,cust453,454.24,USD,22/09/2025,p384
nan,cust023,396.86,USD,04/09/2025,p228
nan,cust139,147.69,USD,05/09/2025,p622
nan,cust298,361.3,USD,23/09/2025,p219
nan,cust401,437.62,USD,10/09/2025,p766
nan,cust117,248.44,USD,06/08/2025,p817
nan,cust425,123.2,USD,12/09/2025,p115
nan,cust356,394.85,USD,19/08/2025,p892
nan,cust035,104.28,USD,14/09/2025,p480
nan,cust267,147.68,USD,18/08/2025,p832
nan,cust080,499.73,USD,03/08/2025,p633
nan,cust477,10.1,USD,21/08/2025,p363
nan,cust348,6.59,USD,14/09/2025,p591
nan,cust372,377.26,USD,02/08/2025,p900
nan,cust159,1.93,USD,24/09/2025,p607
nan,cust364,352.98,USD,22/09/2025,p336
nan,cust274,150.52,USD,07/09/2025,p248
nan,cust465,721.81,USD,21/09/2025,p614
nan,cust102,8.94,USD,10/08/2025,p890
nan,cust311,276.17,USD,30/08/2025,p260
nan,cust114,42.0,USD,10/09/2025,p187
nan,cust414,123.81,USD,03/08/2025,p712
nan,cust033,296.63,USD,03/08/2025,p648
nan,cust405,31.66,USD,04/08/2025,p886
nan,cust016,70.49,USD,24/09/2025,p390
nan,cust448,22.87,USD,10/09/2025,p167
nan,cust302,329.36,USD,19/09/2025,p838
nan,cust047,211.61,USD,27/08/2025,p117
nan,cust069,428.27,USD,05/08/2025,p301
nan,cust209,472.8,USD,17/08/2025,p761
nan,cust495,346.15,USD,30/08/2025,p175
nan,cust425,321.2,USD,09/08/2025,p703
nan,cust196,158.31,USD,01/08/2025,p523
nan,cust431,309.99,USD,13/09/2025,p379
nan,cust155,82.95,USD,02/09/2025,p852
nan,cust160,368.25,USD,21/09/2025,p491
nan,cust334,494.54,USD,23/08/2025,p366
nan,cust053,89.77,USD,04/09/2025,p278
nan,cust003,99.77,USD,02/09/2025,p658
nan,cust363,485.23,USD,12/09/2025,p271
nan,cust154,91.87,USD,12/09/2025,p710
nan,cust035,372.55,USD,01/08/2025,p293
nan,cust116,150.54,USD,08/09/2025,p425
nan,cust294,1164.15,USD,12/09/2025,p638
nan,cust261,86.49,USD,29/08/2025,p579
nan,cust014,33.92,USD,18/08/2025,p679
nan,cust442,199.31,USD,17/08/2025,p749
nan,cust479,454.65,USD,18/08/2025,p588
nan,cust070,358.73,USD,05/09/2025,p591
nan,cust499,130.92,USD,15/08/2025,p891
nan,cust205,222.67,USD,01/08/2025,p108
nan,cust052,438.38,USD,28/08/2025,p762
nan,cust321,288.86,USD,20/09/2025,p306
nan,cust390,121.77,USD,10/08/2025,p359
nan,cust140,298.31,USD,21/08/2025,p181
nan,cust116,37.44,USD,04/09/2025,p515
nan,cust126,294.11,USD,09/08/2025,p730
nan,cust383,145.72,USD,16/08/2025,p757
nan,cust053,185.73,USD,08/08/2025,p102
nan,cust025,1210.49,USD,17/08/2025,p297
nan,cust265,159.11,USD,15/09/2025,p533
nan,cust355,49.88,USD,15/08/2025,p490
nan,cust108,443.95,USD,29/08/2025,p700
